id,Lisboa,Result,Log,Order,comissao_coordenadora,grupo_contacto,Apoio_Contacto,Apoio_Coordenadora,Age,Internet,Previous.party,Female
1,NA,NA,NA,NA,1,0,1,5,NA,NA,NA,NA
2,NA,NA,NA,NA,0,0,1,1,NA,NA,NA,NA
3,NA,NA,NA,NA,0,0,0,0,NA,NA,NA,NA
4,NA,NA,NA,NA,0,0,4,2,NA,NA,NA,NA
5,NA,NA,NA,NA,0,0,0,0,NA,NA,NA,NA
6,NA,NA,NA,NA,0,0,0,0,NA,NA,NA,NA
7,NA,NA,NA,NA,0,0,0,0,NA,NA,NA,NA
8,NA,NA,NA,NA,0,0,0,0,NA,NA,NA,NA
9,NA,NA,NA,NA,0,0,0,0,NA,NA,NA,NA
10,NA,NA,NA,NA,0,0,0,0,NA,NA,NA,NA
11,1,10.53,2.3542283261,3,0,0,1,2,40,1,0,1
12,NA,NA,NA,NA,1,0,0,0,NA,NA,NA,NA
13,NA,NA,NA,NA,0,0,0,1,NA,NA,NA,NA
14,1,0.17,-1.7719568419,3,0,0,2,1,34,1,0,0
15,1,1.8,0.5877866649,2,0,0,0,0,57,1,0,0
16,1,2.14,0.760805829,2,0,0,0,0,67,1,0,0
17,NA,NA,NA,NA,0,0,0,0,NA,NA,NA,NA
18,NA,NA,NA,NA,0,0,0,0,NA,NA,NA,NA
19,NA,NA,NA,NA,0,0,0,0,NA,NA,NA,NA
20,NA,NA,NA,NA,0,0,0,0,NA,NA,NA,NA
21,1,15.37,2.7324175576,2,0,0,3,2,29,1,1,1
22,NA,NA,NA,NA,0,0,0,0,NA,NA,NA,NA
23,NA,NA,NA,NA,0,0,0,0,NA,NA,NA,NA
24,1,2.56,0.9400072585,2,0,0,2,3,42,0,1,1
25,NA,NA,NA,NA,0,0,0,0,NA,NA,NA,NA
26,NA,NA,NA,NA,0,0,0,0,NA,NA,NA,NA
27,1,464.24,6.1404016599,1,1,0,1,3,40,1,1,1
28,NA,NA,NA,NA,0,0,4,2,NA,NA,NA,NA
29,NA,NA,NA,NA,0,0,0,0,NA,NA,NA,NA
30,NA,NA,NA,NA,0,0,2,2,NA,NA,NA,NA
31,1,14.83,2.6966521561,1,0,0,0,2,53,0,0,1
32,NA,NA,NA,NA,0,0,0,0,NA,NA,NA,NA
33,NA,NA,NA,NA,0,0,4,3,NA,NA,NA,NA
34,NA,NA,NA,NA,0,0,0,0,NA,NA,NA,NA
35,NA,NA,NA,NA,0,0,0,0,NA,NA,NA,NA
36,NA,NA,NA,NA,0,0,0,0,NA,NA,NA,NA
37,NA,NA,NA,NA,0,0,0,0,NA,NA,NA,NA
38,NA,NA,NA,NA,0,0,1,1,NA,NA,NA,NA
39,NA,NA,NA,NA,0,0,2,0,NA,NA,NA,NA
40,NA,NA,NA,NA,0,0,0,1,NA,NA,NA,NA
41,1,5.22,1.6524974019,1,0,0,3,0,57,0,1,1
42,NA,NA,NA,NA,0,0,0,0,NA,NA,NA,NA
43,1,8.18,2.1016921506,2,0,0,2,7,66,1,0,1
44,NA,NA,NA,NA,0,0,0,0,NA,NA,NA,NA
45,NA,NA,NA,NA,0,0,0,0,NA,NA,NA,NA
46,NA,NA,NA,NA,0,0,0,0,NA,NA,NA,NA
47,NA,NA,NA,NA,0,0,0,0,NA,NA,NA,NA
48,NA,NA,NA,NA,0,0,0,0,NA,NA,NA,NA
49,NA,NA,NA,NA,0,0,0,0,NA,NA,NA,NA
50,NA,NA,NA,NA,0,0,0,0,NA,NA,NA,NA
51,NA,NA,NA,NA,0,0,0,0,NA,NA,NA,NA
52,NA,NA,NA,NA,0,0,0,0,NA,NA,NA,NA
53,NA,NA,NA,NA,0,0,0,0,NA,NA,NA,NA
54,NA,NA,NA,NA,0,0,4,1,NA,NA,NA,NA
55,NA,NA,NA,NA,0,0,0,0,NA,NA,NA,NA
56,NA,NA,NA,NA,0,0,0,0,NA,NA,NA,NA
57,NA,NA,NA,NA,0,0,0,0,NA,NA,NA,NA
58,NA,NA,NA,NA,0,0,0,0,NA,NA,NA,NA
59,NA,NA,NA,NA,0,0,0,0,NA,NA,NA,NA
60,NA,NA,NA,NA,0,0,0,0,NA,NA,NA,NA
61,NA,NA,NA,NA,0,0,1,1,NA,NA,NA,NA
62,NA,NA,NA,NA,0,0,1,3,NA,NA,NA,NA
63,NA,NA,NA,NA,0,0,0,0,NA,NA,NA,NA
64,NA,NA,NA,NA,0,0,0,0,NA,NA,NA,NA
65,NA,NA,NA,NA,0,0,0,0,NA,NA,NA,NA
66,1,56.13,4.027670429,1,1,1,3,2,43,1,1,0
67,NA,NA,NA,NA,0,0,0,0,NA,NA,NA,NA
68,NA,NA,NA,NA,0,0,1,2,NA,NA,NA,NA
69,NA,NA,NA,NA,0,0,0,0,NA,NA,NA,NA
70,NA,NA,NA,NA,0,0,0,0,NA,NA,NA,NA
71,NA,NA,NA,NA,0,0,0,0,NA,NA,NA,NA
72,NA,NA,NA,NA,0,0,0,0,NA,NA,NA,NA
73,NA,NA,NA,NA,0,0,0,0,NA,NA,NA,NA
74,NA,NA,NA,NA,0,0,0,0,NA,NA,NA,NA
75,1,38.91,3.661251287,1,0,0,1,3,51,1,0,0
76,1,58.24,4.0645724039,1,0,0,1,6,54,1,0,0
77,NA,NA,NA,NA,0,0,0,0,NA,NA,NA,NA
78,1,12.29,2.5087859236,1,0,0,4,2,44,1,0,0
79,NA,NA,NA,NA,0,0,0,0,NA,NA,NA,NA
80,1,25.29,3.2304090607,3,0,0,5,1,30,1,0,0
81,1,1.73,0.5481214085,2,0,0,1,1,23,0,0,1
82,1,2.39,0.8712933659,1,0,0,1,1,0,0,0,1
83,NA,NA,NA,NA,0,0,0,0,NA,NA,NA,NA
84,NA,NA,NA,NA,0,0,1,3,NA,NA,NA,NA
85,1,0.27,-1.30933332,2,0,0,0,1,52,1,0,0
86,NA,NA,NA,NA,0,0,0,0,NA,NA,NA,NA
87,1,24.03,3.1793030497,1,0,0,0,1,65,0,1,0
88,NA,NA,NA,NA,0,0,1,0,NA,NA,NA,NA
89,NA,NA,NA,NA,0,0,0,0,NA,NA,NA,NA
90,NA,NA,NA,NA,0,0,0,0,NA,NA,NA,NA
91,NA,NA,NA,NA,0,0,0,0,NA,NA,NA,NA
92,NA,NA,NA,NA,0,0,1,0,NA,NA,NA,NA
93,NA,NA,NA,NA,0,0,0,0,NA,NA,NA,NA
94,NA,NA,NA,NA,0,0,1,2,NA,NA,NA,NA
95,NA,NA,NA,NA,0,0,0,1,NA,NA,NA,NA
96,NA,NA,NA,NA,0,0,0,0,NA,NA,NA,NA
97,NA,NA,NA,NA,0,0,0,0,NA,NA,NA,NA
98,NA,NA,NA,NA,0,0,0,0,NA,NA,NA,NA
99,NA,NA,NA,NA,0,0,0,0,NA,NA,NA,NA
100,NA,NA,NA,NA,0,0,4,1,NA,NA,NA,NA
101,NA,NA,NA,NA,0,0,0,0,NA,NA,NA,NA
102,NA,NA,NA,NA,0,0,0,0,NA,NA,NA,NA
103,NA,NA,NA,NA,0,0,1,0,NA,NA,NA,NA
104,NA,NA,NA,NA,0,0,0,0,NA,NA,NA,NA
105,NA,NA,NA,NA,0,0,0,0,NA,NA,NA,NA
106,NA,NA,NA,NA,0,0,0,0,NA,NA,NA,NA
107,1,0.86,-0.1508228897,2,0,0,1,0,27,0,0,0
108,NA,NA,NA,NA,0,0,0,0,NA,NA,NA,NA
109,NA,NA,NA,NA,0,0,0,3,NA,NA,NA,NA
110,NA,NA,NA,NA,0,0,0,0,NA,NA,NA,NA
111,NA,NA,NA,NA,0,0,4,0,NA,NA,NA,NA
112,NA,NA,NA,NA,0,0,0,0,NA,NA,NA,NA
113,NA,NA,NA,NA,0,0,0,0,NA,NA,NA,NA
114,NA,NA,NA,NA,0,0,0,0,NA,NA,NA,NA
115,1,8.61,2.1529243184,1,0,0,0,2,39,1,1,0
116,1,4.21,1.4374626477,2,0,0,2,0,37,1,0,0
117,NA,NA,NA,NA,0,0,0,0,NA,NA,NA,NA
118,NA,NA,NA,NA,0,0,0,0,NA,NA,NA,NA
119,1,42.84,3.7574722456,1,0,0,3,4,37,1,1,0
120,1,12.67,2.5392369943,1,0,0,1,2,44,1,0,0
121,NA,NA,NA,NA,0,0,0,0,NA,NA,NA,NA
122,NA,NA,NA,NA,0,0,0,0,NA,NA,NA,NA
123,NA,NA,NA,NA,0,0,0,0,NA,NA,NA,NA
124,NA,NA,NA,NA,0,0,0,0,NA,NA,NA,NA
125,NA,NA,NA,NA,0,0,0,0,NA,NA,NA,NA
126,NA,NA,NA,NA,0,0,0,0,NA,NA,NA,NA
127,NA,NA,NA,NA,0,0,0,0,NA,NA,NA,NA
128,NA,NA,NA,NA,0,0,0,0,NA,NA,NA,NA
129,NA,NA,NA,NA,0,0,2,0,NA,NA,NA,NA
130,1,8.22,2.1065702091,2,0,0,1,0,33,0,0,1
131,NA,NA,NA,NA,0,0,0,0,NA,NA,NA,NA
132,NA,NA,NA,NA,0,0,0,0,NA,NA,NA,NA
133,1,0.56,-0.5798184953,2,0,0,0,0,55,0,0,0
134,NA,NA,NA,NA,0,0,2,0,NA,NA,NA,NA
135,1,9.08,2.2060741926,1,0,0,0,1,55,0,0,0
136,1,42.13,3.740760076,1,0,0,5,1,36,1,0,0
137,NA,NA,NA,NA,0,0,0,0,NA,NA,NA,NA
138,NA,NA,NA,NA,0,0,3,0,NA,NA,NA,NA
139,1,2.87,1.0543120298,1,0,0,0,0,65,1,0,0
140,NA,NA,NA,NA,0,0,0,1,NA,NA,NA,NA
141,1,6.82,1.9198594719,1,0,0,0,1,44,0,0,0
142,NA,NA,NA,NA,0,0,0,0,NA,NA,NA,NA
143,NA,NA,NA,NA,0,0,0,0,NA,NA,NA,NA
144,NA,NA,NA,NA,0,0,0,0,NA,NA,NA,NA
145,1,0.7,-0.3566749439,2,0,0,0,1,48,0,1,0
146,NA,NA,NA,NA,0,0,0,0,NA,NA,NA,NA
147,NA,NA,NA,NA,0,0,0,0,NA,NA,NA,NA
148,NA,NA,NA,NA,0,0,0,0,NA,NA,NA,NA
149,NA,NA,NA,NA,0,0,0,0,NA,NA,NA,NA
150,NA,NA,NA,NA,0,0,0,0,NA,NA,NA,NA
151,NA,NA,NA,NA,0,0,0,0,NA,NA,NA,NA
152,NA,NA,NA,NA,0,0,0,0,NA,NA,NA,NA
153,NA,NA,NA,NA,0,0,0,0,NA,NA,NA,NA
154,NA,NA,NA,NA,0,0,0,0,NA,NA,NA,NA
155,NA,NA,NA,NA,0,0,0,0,NA,NA,NA,NA
156,NA,NA,NA,NA,0,0,0,0,NA,NA,NA,NA
157,NA,NA,NA,NA,0,0,1,3,NA,NA,NA,NA
158,1,5.67,1.7351891177,2,0,0,5,0,25,1,0,1
159,NA,NA,NA,NA,0,0,0,0,NA,NA,NA,NA
160,NA,NA,NA,NA,0,0,0,0,NA,NA,NA,NA
161,NA,NA,NA,NA,0,0,0,0,NA,NA,NA,NA
162,NA,NA,NA,NA,0,0,0,0,NA,NA,NA,NA
163,NA,NA,NA,NA,0,0,0,0,NA,NA,NA,NA
164,NA,NA,NA,NA,0,0,0,0,NA,NA,NA,NA
165,NA,NA,NA,NA,0,0,0,0,NA,NA,NA,NA
166,1,5.13,1.6351056592,1,0,0,1,0,32,0,0,1
167,1,6.18,1.8213182715,2,0,0,2,0,37,1,0,1
168,1,8.23,2.1077860147,1,0,0,0,0,35,0,0,1
169,NA,NA,NA,NA,0,0,0,0,NA,NA,NA,NA
170,NA,NA,NA,NA,0,0,0,0,NA,NA,NA,NA
171,NA,NA,NA,NA,0,0,0,0,NA,NA,NA,NA
172,NA,NA,NA,NA,0,0,1,3,NA,NA,NA,NA
173,NA,NA,NA,NA,0,0,0,0,NA,NA,NA,NA
174,1,3.52,1.2584609896,1,0,0,3,0,39,1,0,0
175,1,13.79,2.6239436918,1,0,0,0,3,44,0,1,0
176,NA,NA,NA,NA,0,0,1,3,NA,NA,NA,NA
177,NA,NA,NA,NA,0,0,0,0,NA,NA,NA,NA
178,NA,NA,NA,NA,0,0,1,0,NA,NA,NA,NA
179,NA,NA,NA,NA,0,0,0,0,NA,NA,NA,NA
180,NA,NA,NA,NA,0,0,0,0,NA,NA,NA,NA
181,NA,NA,NA,NA,0,0,1,1,NA,NA,NA,NA
182,NA,NA,NA,NA,0,0,0,0,NA,NA,NA,NA
183,NA,NA,NA,NA,0,0,0,0,NA,NA,NA,NA
184,NA,NA,NA,NA,0,0,0,0,NA,NA,NA,NA
185,NA,NA,NA,NA,0,0,0,0,NA,NA,NA,NA
186,NA,NA,NA,NA,0,0,0,0,NA,NA,NA,NA
187,NA,NA,NA,NA,0,0,0,0,NA,NA,NA,NA
188,NA,NA,NA,NA,0,0,1,1,NA,NA,NA,NA
189,NA,NA,NA,NA,0,0,0,0,NA,NA,NA,NA
190,1,0.4,-0.9162907319,1,0,0,0,0,45,0,0,1
191,NA,NA,NA,NA,0,0,0,0,NA,NA,NA,NA
192,NA,NA,NA,NA,0,0,0,0,NA,NA,NA,NA
193,NA,NA,NA,NA,0,0,0,0,NA,NA,NA,NA
194,NA,NA,NA,NA,0,0,0,0,NA,NA,NA,NA
195,NA,NA,NA,NA,0,0,2,0,NA,NA,NA,NA
196,NA,NA,NA,NA,0,0,0,0,NA,NA,NA,NA
197,NA,NA,NA,NA,1,0,0,0,NA,NA,NA,NA
198,1,13.32,2.5892666651,1,0,0,1,0,37,1,1,0
199,NA,NA,NA,NA,0,0,0,0,NA,NA,NA,NA
200,NA,NA,NA,NA,0,0,0,2,NA,NA,NA,NA
201,NA,NA,NA,NA,0,0,5,0,NA,NA,NA,NA
202,NA,NA,NA,NA,0,0,0,0,NA,NA,NA,NA
203,NA,NA,NA,NA,0,0,1,0,NA,NA,NA,NA
204,NA,NA,NA,NA,0,0,0,0,NA,NA,NA,NA
205,NA,NA,NA,NA,0,0,0,0,NA,NA,NA,NA
206,1,32.31,3.4753767798,1,0,0,1,2,39,1,0,0
207,NA,NA,NA,NA,0,0,0,0,NA,NA,NA,NA
208,1,10.01,2.3035845933,1,0,0,5,1,41,0,0,1
209,NA,NA,NA,NA,0,1,3,2,NA,NA,NA,NA
210,NA,NA,NA,NA,0,0,4,1,NA,NA,NA,NA
211,NA,NA,NA,NA,0,0,0,0,NA,NA,NA,NA
212,1,8.93,2.1894163949,1,0,0,0,1,27,1,0,0
213,NA,NA,NA,NA,0,0,0,0,NA,NA,NA,NA
214,NA,NA,NA,NA,0,0,0,0,NA,NA,NA,NA
215,NA,NA,NA,NA,0,0,2,0,NA,NA,NA,NA
216,NA,NA,NA,NA,0,0,0,0,NA,NA,NA,NA
217,NA,NA,NA,NA,0,0,1,0,NA,NA,NA,NA
218,NA,NA,NA,NA,0,0,0,0,NA,NA,NA,NA
219,NA,NA,NA,NA,0,0,0,0,NA,NA,NA,NA
220,NA,NA,NA,NA,0,0,0,0,NA,NA,NA,NA
221,NA,NA,NA,NA,0,0,0,0,NA,NA,NA,NA
222,1,13.61,2.6108048167,1,0,0,3,0,32,1,1,0
223,NA,NA,NA,NA,0,0,0,0,NA,NA,NA,NA
224,NA,NA,NA,NA,0,0,1,2,NA,NA,NA,NA
225,NA,NA,NA,NA,0,1,4,3,NA,NA,NA,NA
226,NA,NA,NA,NA,0,0,0,0,NA,NA,NA,NA
227,NA,NA,NA,NA,0,0,0,0,NA,NA,NA,NA
228,NA,NA,NA,NA,0,0,0,0,NA,NA,NA,NA
229,NA,NA,NA,NA,0,0,0,0,NA,NA,NA,NA
230,NA,NA,NA,NA,0,0,1,2,NA,NA,NA,NA
231,NA,NA,NA,NA,0,0,3,3,NA,NA,NA,NA
232,NA,NA,NA,NA,0,0,0,0,NA,NA,NA,NA
233,NA,NA,NA,NA,0,0,0,0,NA,NA,NA,NA
234,NA,NA,NA,NA,0,0,0,0,NA,NA,NA,NA
235,NA,NA,NA,NA,0,0,0,0,NA,NA,NA,NA
236,NA,NA,NA,NA,0,0,0,1,NA,NA,NA,NA
237,NA,NA,NA,NA,0,0,0,2,NA,NA,NA,NA
238,NA,NA,NA,NA,0,0,0,0,NA,NA,NA,NA
239,NA,NA,NA,NA,0,0,3,0,NA,NA,NA,NA
240,NA,NA,NA,NA,0,0,0,0,NA,NA,NA,NA
241,1,11.35,2.4292177439,2,0,0,0,5,44,0,0,1
242,NA,NA,NA,NA,0,0,0,1,NA,NA,NA,NA
243,1,4.8,1.5686159179,2,0,0,0,1,42,1,0,1
244,NA,NA,NA,NA,0,0,0,0,NA,NA,NA,NA
245,NA,NA,NA,NA,0,0,0,0,NA,NA,NA,NA
246,NA,NA,NA,NA,0,0,0,0,NA,NA,NA,NA
247,1,25.32,3.2315945973,1,0,0,2,1,47,1,1,1
248,NA,NA,NA,NA,0,0,1,0,NA,NA,NA,NA
249,NA,NA,NA,NA,0,0,0,0,NA,NA,NA,NA
250,NA,NA,NA,NA,0,0,0,0,NA,NA,NA,NA
251,NA,NA,NA,NA,0,0,1,2,NA,NA,NA,NA
252,NA,NA,NA,NA,0,0,0,0,NA,NA,NA,NA
253,NA,NA,NA,NA,0,0,0,0,NA,NA,NA,NA
254,NA,NA,NA,NA,0,0,0,0,NA,NA,NA,NA
255,NA,NA,NA,NA,0,0,0,0,NA,NA,NA,NA
256,NA,NA,NA,NA,0,0,0,1,NA,NA,NA,NA
257,NA,NA,NA,NA,0,0,0,2,NA,NA,NA,NA
258,NA,NA,NA,NA,0,0,0,1,NA,NA,NA,NA
259,1,18.86,2.9370432772,1,0,0,1,5,62,0,1,0
260,NA,NA,NA,NA,0,0,3,0,NA,NA,NA,NA
261,NA,NA,NA,NA,0,0,0,0,NA,NA,NA,NA
262,NA,NA,NA,NA,0,0,0,0,NA,NA,NA,NA
263,1,0.74,-0.3011050928,2,0,0,2,1,41,1,0,1
264,1,11.31,2.4256872901,1,0,0,0,1,44,0,0,1
265,1,41.29,3.7206203399,1,1,0,1,8,43,1,1,1
266,NA,NA,NA,NA,0,0,1,2,NA,NA,NA,NA
267,NA,NA,NA,NA,0,0,0,0,NA,NA,NA,NA
268,NA,NA,NA,NA,0,0,0,0,NA,NA,NA,NA
269,NA,NA,NA,NA,0,0,0,0,NA,NA,NA,NA
270,NA,NA,NA,NA,0,0,3,0,NA,NA,NA,NA
271,NA,NA,NA,NA,0,0,0,0,NA,NA,NA,NA
272,NA,NA,NA,NA,0,0,0,0,NA,NA,NA,NA
273,NA,NA,NA,NA,0,0,0,0,NA,NA,NA,NA
274,NA,NA,NA,NA,0,0,0,0,NA,NA,NA,NA
275,NA,NA,NA,NA,0,0,0,0,NA,NA,NA,NA
276,NA,NA,NA,NA,0,0,0,0,NA,NA,NA,NA
277,NA,NA,NA,NA,0,0,3,1,NA,NA,NA,NA
278,1,2.36,0.858661619,2,0,0,0,5,26,1,0,0
279,NA,NA,NA,NA,0,1,0,0,NA,NA,NA,NA
280,1,8.48,2.1377104498,1,0,0,0,2,42,0,1,0
281,NA,NA,NA,NA,0,0,0,0,NA,NA,NA,NA
282,NA,NA,NA,NA,0,0,0,0,NA,NA,NA,NA
283,NA,NA,NA,NA,0,0,0,0,NA,NA,NA,NA
284,NA,NA,NA,NA,0,0,3,0,NA,NA,NA,NA
285,NA,NA,NA,NA,0,0,0,0,NA,NA,NA,NA
286,1,24.06,3.1805507105,1,0,0,2,2,65,0,0,0
287,NA,NA,NA,NA,0,0,0,0,NA,NA,NA,NA
288,NA,NA,NA,NA,0,0,0,0,NA,NA,NA,NA
289,NA,NA,NA,NA,0,0,0,0,NA,NA,NA,NA
290,NA,NA,NA,NA,0,0,0,0,NA,NA,NA,NA
291,NA,NA,NA,NA,0,0,0,0,NA,NA,NA,NA
292,NA,NA,NA,NA,0,0,0,0,NA,NA,NA,NA
293,NA,NA,NA,NA,0,0,0,0,NA,NA,NA,NA
294,NA,NA,NA,NA,0,0,0,0,NA,NA,NA,NA
295,NA,NA,NA,NA,0,0,2,0,NA,NA,NA,NA
296,NA,NA,NA,NA,0,0,0,0,NA,NA,NA,NA
297,NA,NA,NA,NA,0,0,0,0,NA,NA,NA,NA
298,NA,NA,NA,NA,0,0,0,0,NA,NA,NA,NA
299,1,24.09,3.1817968166,1,0,0,5,0,31,1,0,1
300,NA,NA,NA,NA,0,0,0,0,NA,NA,NA,NA
301,1,1.49,0.39877612,1,0,0,0,0,48,1,0,1
302,NA,NA,NA,NA,0,0,0,0,NA,NA,NA,NA
303,NA,NA,NA,NA,0,0,1,1,NA,NA,NA,NA
304,1,3.01,1.1019400788,1,0,0,0,0,49,1,0,0
305,NA,NA,NA,NA,0,0,0,1,NA,NA,NA,NA
306,NA,NA,NA,NA,0,0,0,0,NA,NA,NA,NA
307,NA,NA,NA,NA,0,0,0,0,NA,NA,NA,NA
308,NA,NA,NA,NA,0,0,0,0,NA,NA,NA,NA
309,NA,NA,NA,NA,0,0,0,0,NA,NA,NA,NA
310,NA,NA,NA,NA,0,0,0,0,NA,NA,NA,NA
311,NA,NA,NA,NA,0,0,0,0,NA,NA,NA,NA
312,NA,NA,NA,NA,0,0,0,0,NA,NA,NA,NA
313,NA,NA,NA,NA,0,0,0,0,NA,NA,NA,NA
314,NA,NA,NA,NA,0,0,0,0,NA,NA,NA,NA
315,NA,NA,NA,NA,0,0,0,0,NA,NA,NA,NA
316,NA,NA,NA,NA,1,0,0,2,NA,NA,NA,NA
317,NA,NA,NA,NA,0,0,0,0,NA,NA,NA,NA
318,NA,NA,NA,NA,0,0,0,0,NA,NA,NA,NA
319,NA,NA,NA,NA,0,0,0,0,NA,NA,NA,NA
320,NA,NA,NA,NA,0,0,1,1,NA,NA,NA,NA
321,1,5.87,1.7698546338,2,0,0,0,1,38,0,0,0
322,NA,NA,NA,NA,0,0,0,0,NA,NA,NA,NA
323,NA,NA,NA,NA,0,0,0,0,NA,NA,NA,NA
324,NA,NA,NA,NA,0,0,0,0,NA,NA,NA,NA
325,NA,NA,NA,NA,0,0,0,0,NA,NA,NA,NA
326,NA,NA,NA,NA,0,0,0,0,NA,NA,NA,NA
327,NA,NA,NA,NA,0,0,0,0,NA,NA,NA,NA
328,NA,NA,NA,NA,0,0,0,0,NA,NA,NA,NA
329,1,6.08,1.805004696,1,0,0,3,1,34,1,0,0
330,NA,NA,NA,NA,0,0,0,0,NA,NA,NA,NA
331,NA,NA,NA,NA,0,0,0,0,NA,NA,NA,NA
332,NA,NA,NA,NA,0,0,0,0,NA,NA,NA,NA
333,NA,NA,NA,NA,0,0,0,0,NA,NA,NA,NA
334,1,2.32,0.8415671857,1,0,0,1,0,37,1,0,0
335,1,0.79,-0.2357223335,1,0,0,3,0,40,1,0,0
336,1,1.04,0.0392207132,1,0,0,2,0,34,0,0,0
337,NA,NA,NA,NA,0,0,0,0,NA,NA,NA,NA
338,NA,NA,NA,NA,0,0,0,0,NA,NA,NA,NA
339,NA,NA,NA,NA,0,0,1,0,NA,NA,NA,NA
340,1,3.63,1.2892326483,1,0,0,0,0,31,0,0,0
341,NA,NA,NA,NA,0,0,0,0,NA,NA,NA,NA
342,1,2.3,0.8329091229,1,0,0,1,0,59,0,0,0
343,NA,NA,NA,NA,0,0,0,0,NA,NA,NA,NA
344,NA,NA,NA,NA,0,0,0,0,NA,NA,NA,NA
345,NA,NA,NA,NA,0,0,0,0,NA,NA,NA,NA
346,NA,NA,NA,NA,0,0,0,0,NA,NA,NA,NA
347,NA,NA,NA,NA,0,0,0,0,NA,NA,NA,NA
348,NA,NA,NA,NA,0,0,0,0,NA,NA,NA,NA
349,NA,NA,NA,NA,0,0,0,0,NA,NA,NA,NA
350,NA,NA,NA,NA,0,0,0,0,NA,NA,NA,NA
351,NA,NA,NA,NA,0,0,0,1,NA,NA,NA,NA
352,NA,NA,NA,NA,0,0,0,0,NA,NA,NA,NA
353,NA,NA,NA,NA,0,0,0,0,NA,NA,NA,NA
354,1,76.21,4.3334926877,2,0,0,0,3,75,0,1,1
355,NA,NA,NA,NA,0,0,0,0,NA,NA,NA,NA
356,1,1.9,0.6418538862,2,0,0,2,0,63,1,1,1
357,NA,NA,NA,NA,0,0,0,0,NA,NA,NA,NA
358,NA,NA,NA,NA,0,0,0,0,NA,NA,NA,NA
359,NA,NA,NA,NA,0,0,1,3,NA,NA,NA,NA
360,NA,NA,NA,NA,0,0,0,0,NA,NA,NA,NA
361,1,13.94,2.6347624053,1,0,0,0,2,48,1,0,1
362,1,4.09,1.4085449701,1,0,0,1,2,47,1,0,1
363,NA,NA,NA,NA,0,0,0,0,NA,NA,NA,NA
364,NA,NA,NA,NA,0,0,0,0,NA,NA,NA,NA
365,NA,NA,NA,NA,0,0,0,0,NA,NA,NA,NA
366,NA,NA,NA,NA,0,0,0,0,NA,NA,NA,NA
367,1,3.36,1.211940974,1,0,0,0,1,56,0,1,1
368,NA,NA,NA,NA,0,0,0,0,NA,NA,NA,NA
369,NA,NA,NA,NA,0,0,1,3,NA,NA,NA,NA
370,NA,NA,NA,NA,0,0,0,0,NA,NA,NA,NA
371,NA,NA,NA,NA,0,0,1,0,NA,NA,NA,NA
372,NA,NA,NA,NA,0,0,0,0,NA,NA,NA,NA
373,NA,NA,NA,NA,0,0,4,1,NA,NA,NA,NA
374,1,20.51,3.0209125721,1,0,0,0,1,33,0,0,1
375,NA,NA,NA,NA,0,0,0,4,NA,NA,NA,NA
376,NA,NA,NA,NA,0,0,0,0,NA,NA,NA,NA
377,NA,NA,NA,NA,0,0,0,0,NA,NA,NA,NA
378,NA,NA,NA,NA,0,0,2,2,NA,NA,NA,NA
379,NA,NA,NA,NA,0,0,0,0,NA,NA,NA,NA
380,1,0.6,-0.5108256238,2,0,0,0,0,37,0,0,1
381,NA,NA,NA,NA,0,0,1,1,NA,NA,NA,NA
382,NA,NA,NA,NA,0,0,0,0,NA,NA,NA,NA
383,NA,NA,NA,NA,0,0,0,0,NA,NA,NA,NA
384,NA,NA,NA,NA,0,0,0,0,NA,NA,NA,NA
385,NA,NA,NA,NA,0,0,0,0,NA,NA,NA,NA
386,NA,NA,NA,NA,0,0,0,0,NA,NA,NA,NA
387,NA,NA,NA,NA,0,0,0,0,NA,NA,NA,NA
388,NA,NA,NA,NA,0,0,0,0,NA,NA,NA,NA
389,NA,NA,NA,NA,0,0,0,0,NA,NA,NA,NA
390,NA,NA,NA,NA,0,0,0,0,NA,NA,NA,NA
391,NA,NA,NA,NA,0,0,0,0,NA,NA,NA,NA
392,NA,NA,NA,NA,0,0,0,0,NA,NA,NA,NA
393,NA,NA,NA,NA,0,0,0,0,NA,NA,NA,NA
394,1,3.06,1.118414916,1,0,0,0,1,26,1,0,0
395,1,4.08,1.4060969884,1,0,0,0,1,23,1,0,0
396,NA,NA,NA,NA,0,0,4,0,NA,NA,NA,NA
397,1,4.53,1.5107219395,1,0,0,0,0,48,0,0,0
398,1,2.43,0.8878912574,2,0,0,1,1,64,1,0,0
399,1,6.3,1.8405496334,2,0,0,4,0,31,1,0,0
400,1,8.11,2.0930978681,1,0,0,1,1,45,0,1,0
401,NA,NA,NA,NA,0,0,0,2,NA,NA,NA,NA
402,NA,NA,NA,NA,0,0,0,0,NA,NA,NA,NA
403,NA,NA,NA,NA,0,0,0,0,NA,NA,NA,NA
404,NA,NA,NA,NA,0,0,0,2,NA,NA,NA,NA
405,NA,NA,NA,NA,0,0,0,0,NA,NA,NA,NA
406,NA,NA,NA,NA,0,0,0,0,NA,NA,NA,NA
407,NA,NA,NA,NA,0,0,4,3,NA,NA,NA,NA
408,1,14.49,2.6734587563,1,0,0,0,1,60,1,1,0
409,NA,NA,NA,NA,0,0,0,0,NA,NA,NA,NA
410,NA,NA,NA,NA,0,0,0,0,NA,NA,NA,NA
411,NA,NA,NA,NA,0,0,0,0,NA,NA,NA,NA
412,1,12.71,2.5423890852,1,0,0,1,2,51,1,0,0
413,NA,NA,NA,NA,0,0,0,0,NA,NA,NA,NA
414,1,9.44,2.2449559802,1,0,0,2,1,37,1,0,0
415,NA,NA,NA,NA,0,0,0,0,NA,NA,NA,NA
416,NA,NA,NA,NA,0,0,0,0,NA,NA,NA,NA
417,NA,NA,NA,NA,0,0,0,0,NA,NA,NA,NA
418,NA,NA,NA,NA,0,0,0,0,NA,NA,NA,NA
419,NA,NA,NA,NA,0,0,0,0,NA,NA,NA,NA
420,NA,NA,NA,NA,0,0,0,0,NA,NA,NA,NA
421,NA,NA,NA,NA,0,0,0,0,NA,NA,NA,NA
422,NA,NA,NA,NA,0,0,0,0,NA,NA,NA,NA
423,NA,NA,NA,NA,0,0,0,0,NA,NA,NA,NA
424,NA,NA,NA,NA,0,0,0,0,NA,NA,NA,NA
425,1,9.29,2.2289385528,2,0,0,0,2,35,1,1,0
426,NA,NA,NA,NA,0,0,0,0,NA,NA,NA,NA
427,NA,NA,NA,NA,0,0,0,0,NA,NA,NA,NA
428,NA,NA,NA,NA,0,0,0,0,NA,NA,NA,NA
429,NA,NA,NA,NA,0,0,0,0,NA,NA,NA,NA
430,NA,NA,NA,NA,0,0,0,0,NA,NA,NA,NA
431,NA,NA,NA,NA,0,0,0,0,NA,NA,NA,NA
432,NA,NA,NA,NA,0,0,1,1,NA,NA,NA,NA
433,NA,NA,NA,NA,0,0,0,0,NA,NA,NA,NA
434,NA,NA,NA,NA,0,0,0,0,NA,NA,NA,NA
435,NA,NA,NA,NA,0,0,0,0,NA,NA,NA,NA
436,NA,NA,NA,NA,0,0,0,0,NA,NA,NA,NA
437,1,4.66,1.5390154481,1,0,0,0,1,53,1,0,0
438,NA,NA,NA,NA,0,0,0,0,NA,NA,NA,NA
439,NA,NA,NA,NA,0,0,0,0,NA,NA,NA,NA
440,NA,NA,NA,NA,0,0,0,0,NA,NA,NA,NA
441,NA,NA,NA,NA,0,0,0,0,NA,NA,NA,NA
442,NA,NA,NA,NA,0,0,0,0,NA,NA,NA,NA
443,NA,NA,NA,NA,0,0,0,0,NA,NA,NA,NA
444,NA,NA,NA,NA,0,0,0,0,NA,NA,NA,NA
445,NA,NA,NA,NA,0,0,0,0,NA,NA,NA,NA
446,1,6.47,1.8671761085,1,0,0,3,2,55,1,0,0
447,1,3.83,1.3428648032,2,0,0,0,0,50,1,0,0
448,NA,NA,NA,NA,0,0,0,0,NA,NA,NA,NA
449,NA,NA,NA,NA,0,0,0,0,NA,NA,NA,NA
450,NA,NA,NA,NA,0,0,0,0,NA,NA,NA,NA
451,NA,NA,NA,NA,0,0,0,0,NA,NA,NA,NA
452,1,53.36,3.9770614016,1,0,0,1,1,62,0,0,0
453,NA,NA,NA,NA,0,0,0,0,NA,NA,NA,NA
454,1,1.03,0.0295588022,1,0,0,1,0,54,1,0,0
455,1,12.88,2.5556757207,1,0,0,0,2,67,1,1,0
456,NA,NA,NA,NA,0,0,0,0,NA,NA,NA,NA
457,NA,NA,NA,NA,0,0,0,0,NA,NA,NA,NA
458,1,0.39,-0.9416085399,1,0,0,2,1,43,0,0,0
459,1,4.64,1.5347143662,1,0,0,0,1,67,0,1,0
460,NA,NA,NA,NA,0,0,0,0,NA,NA,NA,NA
461,NA,NA,NA,NA,0,0,0,0,NA,NA,NA,NA
462,NA,NA,NA,NA,0,0,0,0,NA,NA,NA,NA
463,NA,NA,NA,NA,0,0,0,0,NA,NA,NA,NA
464,NA,NA,NA,NA,0,0,0,0,NA,NA,NA,NA
465,NA,NA,NA,NA,0,0,0,0,NA,NA,NA,NA
466,NA,NA,NA,NA,0,0,0,0,NA,NA,NA,NA
467,NA,NA,NA,NA,0,0,0,0,NA,NA,NA,NA
468,NA,NA,NA,NA,0,0,0,0,NA,NA,NA,NA
469,NA,NA,NA,NA,0,0,0,0,NA,NA,NA,NA
470,1,99.99,4.605070181,1,1,0,1,5,61,0,0,0
471,NA,NA,NA,NA,0,0,0,0,NA,NA,NA,NA
472,NA,NA,NA,NA,0,0,0,0,NA,NA,NA,NA
473,NA,NA,NA,NA,0,0,0,0,NA,NA,NA,NA
474,NA,NA,NA,NA,0,0,0,1,NA,NA,NA,NA
475,NA,NA,NA,NA,0,0,0,2,NA,NA,NA,NA
476,NA,NA,NA,NA,0,0,0,0,NA,NA,NA,NA
477,NA,NA,NA,NA,0,0,0,1,NA,NA,NA,NA
478,NA,NA,NA,NA,0,0,0,1,NA,NA,NA,NA
479,NA,NA,NA,NA,0,0,0,0,NA,NA,NA,NA
480,NA,NA,NA,NA,0,0,0,1,NA,NA,NA,NA
481,NA,NA,NA,NA,0,0,0,0,NA,NA,NA,NA
482,NA,NA,NA,NA,0,0,0,0,NA,NA,NA,NA
483,NA,NA,NA,NA,0,0,0,1,NA,NA,NA,NA
484,NA,NA,NA,NA,0,0,0,0,NA,NA,NA,NA
485,NA,NA,NA,NA,0,0,0,0,NA,NA,NA,NA
486,NA,NA,NA,NA,0,0,0,0,NA,NA,NA,NA
487,NA,NA,NA,NA,0,0,0,3,NA,NA,NA,NA
488,NA,NA,NA,NA,0,0,0,0,NA,NA,NA,NA
489,NA,NA,NA,NA,0,0,0,0,NA,NA,NA,NA
490,NA,NA,NA,NA,0,0,0,0,NA,NA,NA,NA
491,NA,NA,NA,NA,0,0,0,0,NA,NA,NA,NA
492,NA,NA,NA,NA,0,0,0,0,NA,NA,NA,NA
493,NA,NA,NA,NA,0,0,0,0,NA,NA,NA,NA
494,NA,NA,NA,NA,0,0,0,0,NA,NA,NA,NA
495,1,39.23,3.6694417602,1,0,0,4,4,83,1,1,0
496,NA,NA,NA,NA,0,0,1,0,NA,NA,NA,NA
497,NA,NA,NA,NA,0,0,0,0,NA,NA,NA,NA
498,NA,NA,NA,NA,0,0,0,0,NA,NA,NA,NA
499,NA,NA,NA,NA,0,0,0,0,NA,NA,NA,NA
500,NA,NA,NA,NA,0,0,0,0,NA,NA,NA,NA
501,NA,NA,NA,NA,0,0,0,5,NA,NA,NA,NA
502,NA,NA,NA,NA,0,0,0,0,NA,NA,NA,NA
503,NA,NA,NA,NA,0,0,0,0,NA,NA,NA,NA
504,1,55.69,4.0198005976,1,0,0,0,2,58,1,0,0
505,NA,NA,NA,NA,0,0,0,0,NA,NA,NA,NA
506,NA,NA,NA,NA,0,0,0,0,NA,NA,NA,NA
507,NA,NA,NA,NA,0,0,0,0,NA,NA,NA,NA
508,NA,NA,NA,NA,0,0,0,0,NA,NA,NA,NA
509,NA,NA,NA,NA,0,0,0,0,NA,NA,NA,NA
510,NA,NA,NA,NA,0,0,0,0,NA,NA,NA,NA
511,1,1.8,0.5877866649,3,0,0,0,0,61,1,1,0
512,NA,NA,NA,NA,0,0,1,1,NA,NA,NA,NA
513,NA,NA,NA,NA,0,0,0,0,NA,NA,NA,NA
514,NA,NA,NA,NA,0,0,0,0,NA,NA,NA,NA
515,NA,NA,NA,NA,0,0,0,0,NA,NA,NA,NA
516,NA,NA,NA,NA,0,0,0,0,NA,NA,NA,NA
517,NA,NA,NA,NA,0,0,0,4,NA,NA,NA,NA
518,NA,NA,NA,NA,0,0,0,0,NA,NA,NA,NA
519,NA,NA,NA,NA,0,0,4,1,NA,NA,NA,NA
520,NA,NA,NA,NA,0,0,0,1,NA,NA,NA,NA
521,NA,NA,NA,NA,0,0,0,0,NA,NA,NA,NA
522,NA,NA,NA,NA,0,0,1,1,NA,NA,NA,NA
523,1,4.92,1.5933085305,1,0,0,0,0,30,1,0,1
524,NA,NA,NA,NA,0,0,0,0,NA,NA,NA,NA
525,NA,NA,NA,NA,0,0,0,0,NA,NA,NA,NA
526,NA,NA,NA,NA,0,0,0,0,NA,NA,NA,NA
527,NA,NA,NA,NA,0,0,0,0,NA,NA,NA,NA
528,NA,NA,NA,NA,0,0,0,0,NA,NA,NA,NA
529,1,4.75,1.558144618,1,0,0,0,0,40,0,1,1
530,NA,NA,NA,NA,0,0,0,0,NA,NA,NA,NA
531,NA,NA,NA,NA,0,0,0,0,NA,NA,NA,NA
532,NA,NA,NA,NA,0,0,0,0,NA,NA,NA,NA
533,NA,NA,NA,NA,0,0,0,1,NA,NA,NA,NA
534,NA,NA,NA,NA,0,0,0,0,NA,NA,NA,NA
535,NA,NA,NA,NA,0,0,0,0,NA,NA,NA,NA
536,NA,NA,NA,NA,0,0,1,3,NA,NA,NA,NA
537,NA,NA,NA,NA,0,0,0,0,NA,NA,NA,NA
538,NA,NA,NA,NA,0,0,0,0,NA,NA,NA,NA
539,NA,NA,NA,NA,0,0,0,1,NA,NA,NA,NA
540,NA,NA,NA,NA,0,0,0,0,NA,NA,NA,NA
541,NA,NA,NA,NA,0,0,0,0,NA,NA,NA,NA
542,1,3.51,1.2556160375,1,0,0,0,0,53,0,0,0
543,NA,NA,NA,NA,0,0,0,3,NA,NA,NA,NA
544,NA,NA,NA,NA,0,0,3,1,NA,NA,NA,NA
545,NA,NA,NA,NA,0,0,0,0,NA,NA,NA,NA
546,NA,NA,NA,NA,0,0,0,0,NA,NA,NA,NA
547,NA,NA,NA,NA,0,0,0,0,NA,NA,NA,NA
548,1,2.05,0.7178397932,1,0,0,0,0,19,1,0,0
549,NA,NA,NA,NA,0,0,0,0,NA,NA,NA,NA
550,NA,NA,NA,NA,0,0,0,0,NA,NA,NA,NA
551,NA,NA,NA,NA,0,0,0,0,NA,NA,NA,NA
552,NA,NA,NA,NA,0,0,0,0,NA,NA,NA,NA
553,NA,NA,NA,NA,0,0,0,0,NA,NA,NA,NA
554,NA,NA,NA,NA,0,0,0,0,NA,NA,NA,NA
555,1,2.56,0.9400072585,2,0,0,6,0,35,0,0,0
556,NA,NA,NA,NA,0,0,0,0,NA,NA,NA,NA
557,NA,NA,NA,NA,0,0,0,0,NA,NA,NA,NA
558,NA,NA,NA,NA,0,0,0,0,NA,NA,NA,NA
559,NA,NA,NA,NA,0,0,0,0,NA,NA,NA,NA
560,NA,NA,NA,NA,0,0,0,0,NA,NA,NA,NA
561,NA,NA,NA,NA,0,0,0,0,NA,NA,NA,NA
562,NA,NA,NA,NA,0,0,0,0,NA,NA,NA,NA
563,NA,NA,NA,NA,0,0,0,0,NA,NA,NA,NA
564,NA,NA,NA,NA,0,0,0,0,NA,NA,NA,NA
565,NA,NA,NA,NA,0,0,0,0,NA,NA,NA,NA
566,NA,NA,NA,NA,0,0,0,0,NA,NA,NA,NA
567,1,14.96,2.7053799725,2,0,0,4,2,34,1,0,1
568,NA,NA,NA,NA,0,0,0,0,NA,NA,NA,NA
569,NA,NA,NA,NA,0,0,0,0,NA,NA,NA,NA
570,NA,NA,NA,NA,0,0,0,0,NA,NA,NA,NA
571,NA,NA,NA,NA,0,0,0,4,NA,NA,NA,NA
572,NA,NA,NA,NA,0,0,0,0,NA,NA,NA,NA
573,NA,NA,NA,NA,0,0,0,2,NA,NA,NA,NA
574,NA,NA,NA,NA,0,0,0,0,NA,NA,NA,NA
575,NA,NA,NA,NA,0,0,1,0,NA,NA,NA,NA
576,NA,NA,NA,NA,0,0,0,0,NA,NA,NA,NA
577,NA,NA,NA,NA,0,0,0,3,NA,NA,NA,NA
578,NA,NA,NA,NA,0,0,0,1,NA,NA,NA,NA
579,NA,NA,NA,NA,0,0,0,0,NA,NA,NA,NA
580,NA,NA,NA,NA,0,0,0,0,NA,NA,NA,NA
581,NA,NA,NA,NA,0,0,0,0,NA,NA,NA,NA
582,NA,NA,NA,NA,0,0,0,2,NA,NA,NA,NA
583,NA,NA,NA,NA,0,0,0,0,NA,NA,NA,NA
584,NA,NA,NA,NA,0,0,0,0,NA,NA,NA,NA
585,NA,NA,NA,NA,0,0,0,0,NA,NA,NA,NA
586,NA,NA,NA,NA,0,0,0,0,NA,NA,NA,NA
587,NA,NA,NA,NA,0,0,1,4,NA,NA,NA,NA
588,NA,NA,NA,NA,0,0,0,2,NA,NA,NA,NA
589,1,7.23,1.9782390362,1,0,0,0,2,62,1,0,1
590,NA,NA,NA,NA,0,0,0,0,NA,NA,NA,NA
591,NA,NA,NA,NA,0,0,0,0,NA,NA,NA,NA
592,NA,NA,NA,NA,0,0,0,0,NA,NA,NA,NA
593,NA,NA,NA,NA,0,0,0,2,NA,NA,NA,NA
594,NA,NA,NA,NA,0,0,0,0,NA,NA,NA,NA
595,NA,NA,NA,NA,0,0,0,1,NA,NA,NA,NA
596,NA,NA,NA,NA,0,0,0,0,NA,NA,NA,NA
597,NA,NA,NA,NA,0,0,0,0,NA,NA,NA,NA
598,1,16.06,2.7763317085,1,0,1,5,0,21,1,0,1
599,NA,NA,NA,NA,0,0,0,4,NA,NA,NA,NA
600,NA,NA,NA,NA,0,0,0,1,NA,NA,NA,NA
601,NA,NA,NA,NA,0,0,0,3,NA,NA,NA,NA
602,NA,NA,NA,NA,0,0,1,0,NA,NA,NA,NA
603,NA,NA,NA,NA,0,0,0,0,NA,NA,NA,NA
604,NA,NA,NA,NA,0,0,0,0,NA,NA,NA,NA
605,NA,NA,NA,NA,0,0,1,1,NA,NA,NA,NA
606,NA,NA,NA,NA,0,0,0,0,NA,NA,NA,NA
607,NA,NA,NA,NA,0,0,0,0,NA,NA,NA,NA
608,NA,NA,NA,NA,0,0,0,0,NA,NA,NA,NA
609,NA,NA,NA,NA,0,0,0,0,NA,NA,NA,NA
610,NA,NA,NA,NA,0,0,0,0,NA,NA,NA,NA
611,1,13.37,2.5930133911,2,0,0,0,3,30,0,1,1
612,NA,NA,NA,NA,0,0,0,0,NA,NA,NA,NA
613,NA,NA,NA,NA,0,0,0,0,NA,NA,NA,NA
614,NA,NA,NA,NA,0,0,0,0,NA,NA,NA,NA
615,NA,NA,NA,NA,0,0,0,0,NA,NA,NA,NA
616,NA,NA,NA,NA,0,0,0,0,NA,NA,NA,NA
617,NA,NA,NA,NA,0,0,0,0,NA,NA,NA,NA
618,NA,NA,NA,NA,0,0,0,0,NA,NA,NA,NA
619,NA,NA,NA,NA,0,0,1,2,NA,NA,NA,NA
620,NA,NA,NA,NA,0,0,0,0,NA,NA,NA,NA
621,NA,NA,NA,NA,0,0,0,0,NA,NA,NA,NA
622,1,10.01,2.3035845933,2,0,0,2,1,61,1,0,1
623,NA,NA,NA,NA,0,0,0,0,NA,NA,NA,NA
624,NA,NA,NA,NA,0,0,0,0,NA,NA,NA,NA
625,NA,NA,NA,NA,0,0,0,0,NA,NA,NA,NA
626,NA,NA,NA,NA,0,0,0,0,NA,NA,NA,NA
627,NA,NA,NA,NA,0,0,0,0,NA,NA,NA,NA
628,NA,NA,NA,NA,0,0,0,2,NA,NA,NA,NA
629,NA,NA,NA,NA,0,0,0,0,NA,NA,NA,NA
630,NA,NA,NA,NA,0,0,0,1,NA,NA,NA,NA
631,NA,NA,NA,NA,0,0,0,0,NA,NA,NA,NA
632,NA,NA,NA,NA,0,0,0,2,NA,NA,NA,NA
633,NA,NA,NA,NA,0,0,0,0,NA,NA,NA,NA
634,NA,NA,NA,NA,0,0,0,0,NA,NA,NA,NA
635,NA,NA,NA,NA,0,0,0,2,NA,NA,NA,NA
636,1,5.61,1.7245507195,2,0,0,3,2,80,1,1,1
637,NA,NA,NA,NA,0,0,0,0,NA,NA,NA,NA
638,NA,NA,NA,NA,0,0,0,0,NA,NA,NA,NA
639,NA,NA,NA,NA,0,0,0,0,NA,NA,NA,NA
640,NA,NA,NA,NA,0,0,0,0,NA,NA,NA,NA
641,NA,NA,NA,NA,0,0,0,0,NA,NA,NA,NA
642,NA,NA,NA,NA,0,0,0,0,NA,NA,NA,NA
643,NA,NA,NA,NA,0,0,0,0,NA,NA,NA,NA
644,NA,NA,NA,NA,0,0,0,0,NA,NA,NA,NA
645,NA,NA,NA,NA,0,0,0,0,NA,NA,NA,NA
646,NA,NA,NA,NA,0,0,0,0,NA,NA,NA,NA
647,1,6.09,1.8066480817,1,0,0,0,3,57,1,1,1
648,NA,NA,NA,NA,0,0,0,0,NA,NA,NA,NA
649,1,9.11,2.2093727113,1,0,0,2,0,52,1,0,1
650,NA,NA,NA,NA,0,1,0,0,NA,NA,NA,NA
651,NA,NA,NA,NA,0,0,3,1,NA,NA,NA,NA
652,NA,NA,NA,NA,0,0,0,0,NA,NA,NA,NA
653,NA,NA,NA,NA,0,0,0,0,NA,NA,NA,NA
654,NA,NA,NA,NA,0,0,0,0,NA,NA,NA,NA
655,NA,NA,NA,NA,0,0,1,6,NA,NA,NA,NA
656,NA,NA,NA,NA,0,0,0,0,NA,NA,NA,NA
657,NA,NA,NA,NA,0,0,0,0,NA,NA,NA,NA
658,1,3.89,1.3584091576,1,0,0,1,0,54,0,0,1
659,NA,NA,NA,NA,0,0,0,0,NA,NA,NA,NA
660,1,3.28,1.1878434224,1,0,0,3,0,55,1,0,1
661,NA,NA,NA,NA,0,0,0,0,NA,NA,NA,NA
662,NA,NA,NA,NA,0,0,0,0,NA,NA,NA,NA
663,1,23.59,3.1608228934,2,1,0,1,6,45,0,1,1
664,NA,NA,NA,NA,0,0,0,0,NA,NA,NA,NA
665,NA,NA,NA,NA,0,0,0,0,NA,NA,NA,NA
666,NA,NA,NA,NA,0,0,0,0,NA,NA,NA,NA
667,1,11.75,2.4638532406,2,0,1,7,1,47,1,0,1
668,NA,NA,NA,NA,0,0,0,0,NA,NA,NA,NA
669,1,34.81,3.5499047018,1,0,0,6,1,39,1,1,1
670,1,34.25,3.5336865647,1,0,0,0,4,39,1,0,1
671,NA,NA,NA,NA,0,0,6,2,NA,NA,NA,NA
672,NA,NA,NA,NA,0,0,0,0,NA,NA,NA,NA
673,NA,NA,NA,NA,0,0,1,0,NA,NA,NA,NA
674,NA,NA,NA,NA,0,0,0,0,NA,NA,NA,NA
675,NA,NA,NA,NA,0,0,2,1,NA,NA,NA,NA
676,NA,NA,NA,NA,0,0,0,0,NA,NA,NA,NA
677,NA,NA,NA,NA,0,0,0,0,NA,NA,NA,NA
678,1,14.96,2.7053799725,1,0,0,0,0,39,1,0,1
679,NA,NA,NA,NA,0,0,0,0,NA,NA,NA,NA
680,NA,NA,NA,NA,0,0,0,1,NA,NA,NA,NA
681,NA,NA,NA,NA,0,0,2,0,NA,NA,NA,NA
682,NA,NA,NA,NA,0,1,3,0,NA,NA,NA,NA
683,NA,NA,NA,NA,0,0,0,0,NA,NA,NA,NA
684,NA,NA,NA,NA,0,0,0,0,NA,NA,NA,NA
685,NA,NA,NA,NA,0,0,0,0,NA,NA,NA,NA
686,1,38.14,3.6412636002,1,0,1,7,2,35,1,0,1
687,1,2.04,0.7129498079,1,0,0,0,0,40,0,0,1
688,1,2.99,1.0952733874,2,0,0,5,1,20,0,0,1
689,1,4.93,1.5953389881,1,0,0,0,0,57,0,0,1
690,1,3.88,1.3558351536,1,0,0,1,0,27,1,0,1
691,NA,NA,NA,NA,0,0,0,0,NA,NA,NA,NA
692,NA,NA,NA,NA,0,0,0,0,NA,NA,NA,NA
693,NA,NA,NA,NA,0,0,0,0,NA,NA,NA,NA
694,NA,NA,NA,NA,0,0,0,0,NA,NA,NA,NA
695,NA,NA,NA,NA,0,0,0,0,NA,NA,NA,NA
696,NA,NA,NA,NA,0,0,0,0,NA,NA,NA,NA
697,NA,NA,NA,NA,0,0,0,0,NA,NA,NA,NA
698,NA,NA,NA,NA,0,0,0,0,NA,NA,NA,NA
699,NA,NA,NA,NA,0,0,0,0,NA,NA,NA,NA
700,NA,NA,NA,NA,0,0,2,0,NA,NA,NA,NA
701,1,6.52,1.8748743759,2,0,0,4,2,40,1,0,0
702,NA,NA,NA,NA,0,0,0,0,NA,NA,NA,NA
703,1,2.52,0.9242589015,1,0,0,0,1,39,0,0,0
704,NA,NA,NA,NA,0,0,0,0,NA,NA,NA,NA
705,NA,NA,NA,NA,0,0,0,0,NA,NA,NA,NA
706,NA,NA,NA,NA,0,0,0,0,NA,NA,NA,NA
707,NA,NA,NA,NA,0,0,0,0,NA,NA,NA,NA
708,NA,NA,NA,NA,0,0,0,0,NA,NA,NA,NA
709,NA,NA,NA,NA,0,0,0,0,NA,NA,NA,NA
710,1,13.56,2.6071242825,1,0,0,6,3,33,0,0,0
711,NA,NA,NA,NA,0,0,0,0,NA,NA,NA,NA
712,NA,NA,NA,NA,0,0,0,0,NA,NA,NA,NA
713,NA,NA,NA,NA,0,0,0,0,NA,NA,NA,NA
714,1,3.53,1.2612978709,1,0,0,0,2,44,0,0,0
715,NA,NA,NA,NA,0,0,1,0,NA,NA,NA,NA
716,1,2.35,0.8544153282,1,0,0,3,0,50,0,0,0
717,NA,NA,NA,NA,0,0,0,0,NA,NA,NA,NA
718,NA,NA,NA,NA,0,0,0,0,NA,NA,NA,NA
719,1,7.22,1.9768549529,1,0,0,1,0,45,0,0,1
720,1,1.52,0.4187103349,2,0,0,0,0,40,0,0,1
721,NA,NA,NA,NA,0,0,2,0,NA,NA,NA,NA
722,NA,NA,NA,NA,0,0,0,0,NA,NA,NA,NA
723,NA,NA,NA,NA,0,0,0,0,NA,NA,NA,NA
724,NA,NA,NA,NA,0,0,0,0,NA,NA,NA,NA
725,NA,NA,NA,NA,0,0,2,1,NA,NA,NA,NA
726,NA,NA,NA,NA,0,0,0,0,NA,NA,NA,NA
727,NA,NA,NA,NA,0,0,0,0,NA,NA,NA,NA
728,1,25.2,3.2268439945,1,0,0,1,5,45,1,1,0
729,NA,NA,NA,NA,0,0,0,0,NA,NA,NA,NA
730,NA,NA,NA,NA,0,0,4,4,NA,NA,NA,NA
731,NA,NA,NA,NA,0,0,2,0,NA,NA,NA,NA
732,NA,NA,NA,NA,0,0,0,0,NA,NA,NA,NA
733,NA,NA,NA,NA,0,0,0,0,NA,NA,NA,NA
734,NA,NA,NA,NA,0,0,3,1,NA,NA,NA,NA
735,NA,NA,NA,NA,0,0,2,0,NA,NA,NA,NA
736,NA,NA,NA,NA,0,0,0,0,NA,NA,NA,NA
737,NA,NA,NA,NA,0,0,0,0,NA,NA,NA,NA
738,NA,NA,NA,NA,0,0,0,0,NA,NA,NA,NA
739,NA,NA,NA,NA,0,0,0,0,NA,NA,NA,NA
740,1,13.49,2.6019486702,2,0,0,1,1,47,1,1,0
741,NA,NA,NA,NA,0,0,0,0,NA,NA,NA,NA
742,NA,NA,NA,NA,0,0,0,0,NA,NA,NA,NA
743,NA,NA,NA,NA,0,0,0,0,NA,NA,NA,NA
744,NA,NA,NA,NA,0,0,0,0,NA,NA,NA,NA
745,NA,NA,NA,NA,0,0,2,2,NA,NA,NA,NA
746,NA,NA,NA,NA,0,0,0,0,NA,NA,NA,NA
747,NA,NA,NA,NA,0,0,0,0,NA,NA,NA,NA
748,1,8.89,2.1849270495,2,1,0,5,2,44,1,0,1
749,1,12.48,2.5241273629,1,0,0,0,3,59,1,1,1
750,NA,NA,NA,NA,0,0,0,0,NA,NA,NA,NA
751,NA,NA,NA,NA,0,0,0,0,NA,NA,NA,NA
752,1,3.81,1.3376291891,1,0,0,0,0,48,1,0,1
753,1,13.23,2.5824869781,1,0,0,0,1,45,1,0,1
754,1,5.9,1.7749523509,1,0,0,0,1,44,0,1,0
755,NA,NA,NA,NA,0,0,0,0,NA,NA,NA,NA
756,1,16.85,2.8243506568,1,1,0,0,2,60,1,1,0
757,NA,NA,NA,NA,0,0,0,0,NA,NA,NA,NA
758,NA,NA,NA,NA,0,1,3,0,NA,NA,NA,NA
759,NA,NA,NA,NA,0,0,0,0,NA,NA,NA,NA
760,NA,NA,NA,NA,0,0,0,0,NA,NA,NA,NA
761,NA,NA,NA,NA,0,0,0,0,NA,NA,NA,NA
762,NA,NA,NA,NA,0,0,0,0,NA,NA,NA,NA
763,NA,NA,NA,NA,0,0,0,0,NA,NA,NA,NA
764,NA,NA,NA,NA,0,0,2,1,NA,NA,NA,NA
765,1,7.57,2.0241930674,1,0,0,1,2,51,0,1,0
766,1,4.59,1.5238800241,2,0,0,5,2,25,1,0,0
767,NA,NA,NA,NA,0,0,0,0,NA,NA,NA,NA
768,NA,NA,NA,NA,0,0,2,0,NA,NA,NA,NA
769,NA,NA,NA,NA,0,0,0,0,NA,NA,NA,NA
770,NA,NA,NA,NA,0,0,1,2,NA,NA,NA,NA
771,NA,NA,NA,NA,0,0,0,0,NA,NA,NA,NA
772,NA,NA,NA,NA,0,0,2,1,NA,NA,NA,NA
773,NA,NA,NA,NA,0,0,0,0,NA,NA,NA,NA
774,NA,NA,NA,NA,0,0,0,0,NA,NA,NA,NA
775,NA,NA,NA,NA,0,0,0,0,NA,NA,NA,NA
776,NA,NA,NA,NA,0,0,0,0,NA,NA,NA,NA
777,NA,NA,NA,NA,0,0,0,1,NA,NA,NA,NA
778,NA,NA,NA,NA,0,0,0,0,NA,NA,NA,NA
779,NA,NA,NA,NA,0,0,0,0,NA,NA,NA,NA
780,NA,NA,NA,NA,0,0,0,0,NA,NA,NA,NA
781,NA,NA,NA,NA,0,0,0,0,NA,NA,NA,NA
782,NA,NA,NA,NA,0,0,0,0,NA,NA,NA,NA
783,NA,NA,NA,NA,0,0,1,0,NA,NA,NA,NA
784,NA,NA,NA,NA,0,0,0,0,NA,NA,NA,NA
785,NA,NA,NA,NA,0,0,0,0,NA,NA,NA,NA
786,NA,NA,NA,NA,0,0,2,1,NA,NA,NA,NA
787,NA,NA,NA,NA,0,0,0,0,NA,NA,NA,NA
788,NA,NA,NA,NA,0,0,0,0,NA,NA,NA,NA
789,NA,NA,NA,NA,0,0,0,0,NA,NA,NA,NA
790,NA,NA,NA,NA,0,0,2,0,NA,NA,NA,NA
791,NA,NA,NA,NA,0,0,0,0,NA,NA,NA,NA
792,NA,NA,NA,NA,0,0,0,0,NA,NA,NA,NA
793,1,4.31,1.4609379041,2,0,0,2,0,23,1,0,0
794,NA,NA,NA,NA,0,0,0,0,NA,NA,NA,NA
795,NA,NA,NA,NA,0,0,0,0,NA,NA,NA,NA
796,NA,NA,NA,NA,0,0,2,1,NA,NA,NA,NA
797,NA,NA,NA,NA,0,0,0,0,NA,NA,NA,NA
798,NA,NA,NA,NA,0,0,1,1,NA,NA,NA,NA
799,NA,NA,NA,NA,0,0,0,0,NA,NA,NA,NA
800,NA,NA,NA,NA,0,0,0,0,NA,NA,NA,NA
801,NA,NA,NA,NA,0,0,0,0,NA,NA,NA,NA
802,1,18.98,2.9433857932,1,0,0,4,0,40,1,0,0
803,NA,NA,NA,NA,0,0,0,0,NA,NA,NA,NA
804,NA,NA,NA,NA,0,0,0,0,NA,NA,NA,NA
805,NA,NA,NA,NA,1,1,2,5,NA,NA,NA,NA
806,NA,NA,NA,NA,0,0,1,0,NA,NA,NA,NA
807,NA,NA,NA,NA,0,0,1,1,NA,NA,NA,NA
808,1,14.74,2.6905648868,1,0,0,1,0,33,0,0,0
809,NA,NA,NA,NA,0,0,4,0,NA,NA,NA,NA
810,1,45.68,3.8216605653,1,0,1,5,2,44,1,0,0
811,NA,NA,NA,NA,0,0,2,2,NA,NA,NA,NA
812,NA,NA,NA,NA,0,0,0,1,NA,NA,NA,NA
813,1,0.32,-1.1394342832,2,0,0,2,0,40,1,0,0
814,NA,NA,NA,NA,0,0,1,0,NA,NA,NA,NA
815,NA,NA,NA,NA,0,0,0,0,NA,NA,NA,NA
816,NA,NA,NA,NA,0,0,0,0,NA,NA,NA,NA
817,NA,NA,NA,NA,0,0,0,1,NA,NA,NA,NA
818,NA,NA,NA,NA,0,0,3,1,NA,NA,NA,NA
819,NA,NA,NA,NA,0,0,0,3,NA,NA,NA,NA
820,NA,NA,NA,NA,0,0,0,0,NA,NA,NA,NA
821,NA,NA,NA,NA,0,0,2,0,NA,NA,NA,NA
822,NA,NA,NA,NA,1,0,1,5,NA,NA,NA,NA
823,NA,NA,NA,NA,0,0,0,0,NA,NA,NA,NA
824,NA,NA,NA,NA,0,0,2,0,NA,NA,NA,NA
825,NA,NA,NA,NA,0,0,0,0,NA,NA,NA,NA
826,NA,NA,NA,NA,0,0,0,0,NA,NA,NA,NA
827,1,24.43,3.1958118853,1,0,0,8,0,37,1,0,1
828,NA,NA,NA,NA,0,0,0,1,NA,NA,NA,NA
829,1,8.25,2.1102132003,1,0,0,0,0,26,0,0,1
830,NA,NA,NA,NA,0,0,0,0,NA,NA,NA,NA
831,NA,NA,NA,NA,0,0,2,1,NA,NA,NA,NA
832,NA,NA,NA,NA,0,0,0,0,NA,NA,NA,NA
833,NA,NA,NA,NA,0,0,0,0,NA,NA,NA,NA
834,NA,NA,NA,NA,0,0,2,1,NA,NA,NA,NA
835,1,2.37,0.8628899551,1,0,0,1,2,46,1,0,0
836,NA,NA,NA,NA,0,0,0,0,NA,NA,NA,NA
837,NA,NA,NA,NA,0,0,0,0,NA,NA,NA,NA
838,NA,NA,NA,NA,0,0,0,0,NA,NA,NA,NA
839,NA,NA,NA,NA,0,0,0,0,NA,NA,NA,NA
840,NA,NA,NA,NA,0,0,0,0,NA,NA,NA,NA
841,NA,NA,NA,NA,0,0,0,0,NA,NA,NA,NA
842,NA,NA,NA,NA,0,0,0,0,NA,NA,NA,NA
843,1,4.23,1.4422019931,1,0,0,0,0,0,0,0,1
844,NA,NA,NA,NA,0,0,0,0,NA,NA,NA,NA
845,NA,NA,NA,NA,0,0,0,0,NA,NA,NA,NA
846,NA,NA,NA,NA,0,0,0,0,NA,NA,NA,NA
847,NA,NA,NA,NA,0,0,0,1,NA,NA,NA,NA
848,NA,NA,NA,NA,0,0,0,0,NA,NA,NA,NA
849,NA,NA,NA,NA,0,0,0,0,NA,NA,NA,NA
850,NA,NA,NA,NA,0,0,0,0,NA,NA,NA,NA
851,NA,NA,NA,NA,0,0,0,2,NA,NA,NA,NA
852,NA,NA,NA,NA,0,0,0,0,NA,NA,NA,NA
853,NA,NA,NA,NA,0,0,1,1,NA,NA,NA,NA
854,NA,NA,NA,NA,0,0,0,0,NA,NA,NA,NA
855,NA,NA,NA,NA,1,0,0,4,NA,NA,NA,NA
856,NA,NA,NA,NA,0,0,0,0,NA,NA,NA,NA
857,NA,NA,NA,NA,0,0,0,0,NA,NA,NA,NA
858,NA,NA,NA,NA,0,0,0,0,NA,NA,NA,NA
859,1,4.27,1.4516138272,1,0,0,0,0,49,0,0,0
860,1,3.4,1.2237754316,1,0,0,3,0,38,1,0,0
861,NA,NA,NA,NA,0,0,0,3,NA,NA,NA,NA
862,NA,NA,NA,NA,0,0,0,0,NA,NA,NA,NA
863,NA,NA,NA,NA,0,0,0,0,NA,NA,NA,NA
864,NA,NA,NA,NA,0,0,0,0,NA,NA,NA,NA
865,NA,NA,NA,NA,0,0,0,0,NA,NA,NA,NA
866,1,492.71,6.1999207657,1,1,1,12,7,43,1,1,0
867,NA,NA,NA,NA,0,0,0,0,NA,NA,NA,NA
868,NA,NA,NA,NA,0,0,0,0,NA,NA,NA,NA
869,1,27.44,3.3120018029,1,0,0,6,1,32,1,0,1
870,NA,NA,NA,NA,0,0,0,0,NA,NA,NA,NA
871,NA,NA,NA,NA,0,0,0,0,NA,NA,NA,NA
872,NA,NA,NA,NA,0,0,0,0,NA,NA,NA,NA
873,NA,NA,NA,NA,0,0,0,1,NA,NA,NA,NA
874,NA,NA,NA,NA,0,0,0,1,NA,NA,NA,NA
875,1,4.2,1.4350845253,1,0,0,0,0,28,1,0,1
876,NA,NA,NA,NA,0,0,0,0,NA,NA,NA,NA
877,1,6.54,1.8779371655,1,0,0,0,2,42,0,0,1
878,1,3.35,1.2089603458,2,0,0,2,0,24,1,0,1
879,1,4.99,1.6074359098,1,0,0,3,0,21,1,0,1
880,NA,NA,NA,NA,0,0,0,0,NA,NA,NA,NA
881,NA,NA,NA,NA,0,0,2,0,NA,NA,NA,NA
882,NA,NA,NA,NA,0,0,0,0,NA,NA,NA,NA
883,1,3.49,1.2499017362,1,0,0,2,1,43,1,0,1
884,NA,NA,NA,NA,0,0,0,0,NA,NA,NA,NA
885,NA,NA,NA,NA,0,0,0,0,NA,NA,NA,NA
886,NA,NA,NA,NA,0,0,0,0,NA,NA,NA,NA
887,1,13.87,2.6297282343,1,0,0,4,0,40,1,0,0
888,NA,NA,NA,NA,0,0,1,1,NA,NA,NA,NA
889,NA,NA,NA,NA,0,0,5,1,NA,NA,NA,NA
890,NA,NA,NA,NA,0,1,3,0,NA,NA,NA,NA
891,1,16.02,2.7738379416,2,0,0,1,1,26,1,0,1
892,NA,NA,NA,NA,0,0,0,0,NA,NA,NA,NA
893,NA,NA,NA,NA,0,0,0,0,NA,NA,NA,NA
894,1,21.16,3.052112607,1,0,0,4,4,39,1,0,1
895,NA,NA,NA,NA,0,0,0,1,NA,NA,NA,NA
896,NA,NA,NA,NA,0,0,0,0,NA,NA,NA,NA
897,NA,NA,NA,NA,0,0,0,0,NA,NA,NA,NA
898,NA,NA,NA,NA,0,0,0,0,NA,NA,NA,NA
899,NA,NA,NA,NA,0,0,0,0,NA,NA,NA,NA
900,NA,NA,NA,NA,0,0,0,0,NA,NA,NA,NA
901,NA,NA,NA,NA,0,0,0,1,NA,NA,NA,NA
902,NA,NA,NA,NA,0,0,0,0,NA,NA,NA,NA
903,NA,NA,NA,NA,0,0,0,0,NA,NA,NA,NA
904,NA,NA,NA,NA,0,0,0,0,NA,NA,NA,NA
905,NA,NA,NA,NA,0,0,0,0,NA,NA,NA,NA
906,NA,NA,NA,NA,0,0,0,0,NA,NA,NA,NA
907,NA,NA,NA,NA,0,0,0,0,NA,NA,NA,NA
908,1,3.57,1.2725655958,2,0,0,0,1,27,1,0,1
909,NA,NA,NA,NA,0,0,0,0,NA,NA,NA,NA
910,NA,NA,NA,NA,0,0,0,1,NA,NA,NA,NA
911,NA,NA,NA,NA,0,0,1,0,NA,NA,NA,NA
912,NA,NA,NA,NA,0,0,0,0,NA,NA,NA,NA
913,NA,NA,NA,NA,0,0,0,0,NA,NA,NA,NA
914,NA,NA,NA,NA,0,0,0,0,NA,NA,NA,NA
915,NA,NA,NA,NA,0,0,0,0,NA,NA,NA,NA
916,NA,NA,NA,NA,0,0,0,0,NA,NA,NA,NA
917,1,6.2,1.8245492921,1,0,0,0,0,38,1,0,0
918,NA,NA,NA,NA,0,0,1,1,NA,NA,NA,NA
919,NA,NA,NA,NA,0,0,0,0,NA,NA,NA,NA
920,NA,NA,NA,NA,0,0,0,0,NA,NA,NA,NA
921,NA,NA,NA,NA,0,0,0,0,NA,NA,NA,NA
922,NA,NA,NA,NA,0,0,0,0,NA,NA,NA,NA
923,NA,NA,NA,NA,0,0,0,0,NA,NA,NA,NA
924,NA,NA,NA,NA,0,0,0,0,NA,NA,NA,NA
925,NA,NA,NA,NA,0,0,0,0,NA,NA,NA,NA
926,NA,NA,NA,NA,0,0,0,0,NA,NA,NA,NA
927,NA,NA,NA,NA,0,0,1,0,NA,NA,NA,NA
928,NA,NA,NA,NA,0,0,0,0,NA,NA,NA,NA
929,NA,NA,NA,NA,0,0,0,0,NA,NA,NA,NA
930,NA,NA,NA,NA,0,0,2,1,NA,NA,NA,NA
931,NA,NA,NA,NA,0,0,0,0,NA,NA,NA,NA
932,1,1.48,0.3920420878,3,0,0,5,0,33,1,0,0
933,NA,NA,NA,NA,0,0,0,0,NA,NA,NA,NA
934,NA,NA,NA,NA,0,0,0,0,NA,NA,NA,NA
935,1,4.92,1.5933085305,1,0,0,1,1,44,1,0,1
936,NA,NA,NA,NA,0,0,0,0,NA,NA,NA,NA
937,NA,NA,NA,NA,0,0,0,0,NA,NA,NA,NA
938,NA,NA,NA,NA,0,0,3,0,NA,NA,NA,NA
939,NA,NA,NA,NA,0,0,0,0,NA,NA,NA,NA
940,NA,NA,NA,NA,0,0,0,0,NA,NA,NA,NA
941,NA,NA,NA,NA,0,0,0,1,NA,NA,NA,NA
942,NA,NA,NA,NA,0,0,0,0,NA,NA,NA,NA
943,NA,NA,NA,NA,0,0,0,0,NA,NA,NA,NA
944,1,1.17,0.1570037488,1,0,0,0,1,45,1,1,0
945,NA,NA,NA,NA,0,0,0,0,NA,NA,NA,NA
946,NA,NA,NA,NA,0,0,1,1,NA,NA,NA,NA
947,NA,NA,NA,NA,0,0,0,0,NA,NA,NA,NA
948,1,11.58,2.4492794721,1,0,0,0,2,58,1,0,0
949,NA,NA,NA,NA,0,0,1,2,NA,NA,NA,NA
950,NA,NA,NA,NA,0,0,0,0,NA,NA,NA,NA
951,NA,NA,NA,NA,0,0,0,0,NA,NA,NA,NA
952,NA,NA,NA,NA,0,0,0,0,NA,NA,NA,NA
